{"cameraMode":{"drawMode":0,"name":"Shaded","section":"Shading Mode"},"sceneLighting":true,"audioPlay":false,"sceneViewState":{"showFog":true,"showMaterialUpdate":false,"showSkybox":true,"showFlares":true,"showImageEffects":true,"showParticleSystems":true},"in2DMode":false,"pivot":{"x":0.08081372082233429,"y":0.524139940738678,"z":0.051915574818849567},"rotation":{"x":0.04827813804149628,"y":0.9162918329238892,"z":-0.11635582149028778,"w":0.38018667697906496},"size":1.5579631328582764,"orthographic":false}